Disciplina;Assunto;Material;Resumo;Caderno do TEC
AFO - Cebraspe;Despesas de Exercícios Anteriores e Regime de Adiantamento;https://drive.google.com/open?id=1koLBDLVHC44GLqOXnS6dKerJZitaFoiN&usp=drive_fs;https://drive.google.com/open?id=1koLBDLVHC44GLqOXnS6dKerJZitaFoiN&usp=drive_fs;https://www.tecconcursos.com.br/s/Q6F8ac
AFO - Cebraspe;Despesas de Exercícios Anteriores e Regime de Adiantamento;https://drive.google.com/open?id=1koLBDLVHC44GLqOXnS6dKerJZitaFoiN&usp=drive_fs;https://drive.google.com/open?id=1koLBDLVHC44GLqOXnS6dKerJZitaFoiN&usp=drive_fs;https://www.tecconcursos.com.br/s/Q6F8ac
AFO - Cebraspe;Despesas de Exercícios Anteriores e Regime de Adiantamento;https://drive.google.com/open?id=1koLBDLVHC44GLqOXnS6dKerJZitaFoiN&usp=drive_fs;https://drive.google.com/open?id=1koLBDLVHC44GLqOXnS6dKerJZitaFoiN&usp=drive_fs;https://www.tecconcursos.com.br/s/Q6F8ac
AFO - Cebraspe;Despesas de Exercícios Anteriores e Regime de Adiantamento;https://drive.google.com/open?id=1koLBDLVHC44GLqOXnS6dKerJZitaFoiN&usp=drive_fs;https://drive.google.com/open?id=1koLBDLVHC44GLqOXnS6dKerJZitaFoiN&usp=drive_fs;https://www.tecconcursos.com.br/s/Q6F8ac
Direito Tributário - Cebraspe;Despesas de Exercícios Anteriores e Regime de Adiantamento;https://drive.google.com/open?id=1koLBDLVHC44GLqOXnS6dKerJZitaFoiN&usp=drive_fs;https://drive.google.com/open?id=1koLBDLVHC44GLqOXnS6dKerJZitaFoiN&usp=drive_fs;https://www.tecconcursos.com.br/s/Q6F8ac
Direito Tributário - Cebraspe;Despesas de Exercícios Anteriores e Regime de Adiantamento;https://drive.google.com/open?id=1koLBDLVHC44GLqOXnS6dKerJZitaFoiN&usp=drive_fs;https://drive.google.com/open?id=1koLBDLVHC44GLqOXnS6dKerJZitaFoiN&usp=drive_fs;https://www.tecconcursos.com.br/s/Q6F8ac
Direito Administrativo - Cebraspe;Despesas de Exercícios Anteriores e Regime de Adiantamento;https://drive.google.com/open?id=1koLBDLVHC44GLqOXnS6dKerJZitaFoiN&usp=drive_fs;https://drive.google.com/open?id=1koLBDLVHC44GLqOXnS6dKerJZitaFoiN&usp=drive_fs;https://www.tecconcursos.com.br/s/Q6F8ac
Direito Administrativo - Cebraspe;Despesas de Exercícios Anteriores e Regime de Adiantamento;https://drive.google.com/open?id=1koLBDLVHC44GLqOXnS6dKerJZitaFoiN&usp=drive_fs;https://drive.google.com/open?id=1koLBDLVHC44GLqOXnS6dKerJZitaFoiN&usp=drive_fs;https://www.tecconcursos.com.br/s/Q6F8ac
MF - Cebraspe;Despesas de Exercícios Anteriores e Regime de Adiantamento;https://drive.google.com/open?id=1koLBDLVHC44GLqOXnS6dKerJZitaFoiN&usp=drive_fs;https://drive.google.com/open?id=1koLBDLVHC44GLqOXnS6dKerJZitaFoiN&usp=drive_fs;https://www.tecconcursos.com.br/s/Q6F8ac
MF - Cebraspe;Despesas de Exercícios Anteriores e Regime de Adiantamento;https://drive.google.com/open?id=1koLBDLVHC44GLqOXnS6dKerJZitaFoiN&usp=drive_fs;https://drive.google.com/open?id=1koLBDLVHC44GLqOXnS6dKerJZitaFoiN&usp=drive_fs;https://www.tecconcursos.com.br/s/Q6F8ac
MF - Cebraspe;Despesas de Exercícios Anteriores e Regime de Adiantamento;;https://drive.google.com/open?id=1koLBDLVHC44GLqOXnS6dKerJZitaFoiN&usp=drive_fs;https://www.tecconcursos.com.br/s/Q6F8ac
MF - Cebraspe;Despesas de Exercícios Anteriores e Regime de Adiantamento;;https://drive.google.com/open?id=1koLBDLVHC44GLqOXnS6dKerJZitaFoiN&usp=drive_fs;https://www.tecconcursos.com.br/s/Q6F8ac
Estatística - Cebraspe;Despesas de Exercícios Anteriores e Regime de Adiantamento;;https://drive.google.com/open?id=1koLBDLVHC44GLqOXnS6dKerJZitaFoiN&usp=drive_fs;https://www.tecconcursos.com.br/s/Q6F8ac
Estatística - Cebraspe;Despesas de Exercícios Anteriores e Regime de Adiantamento;;https://drive.google.com/open?id=1koLBDLVHC44GLqOXnS6dKerJZitaFoiN&usp=drive_fs;https://www.tecconcursos.com.br/s/Q6F8ac
Estatística - Cebraspe;Despesas de Exercícios Anteriores e Regime de Adiantamento;;https://drive.google.com/open?id=1koLBDLVHC44GLqOXnS6dKerJZitaFoiN&usp=drive_fs;https://www.tecconcursos.com.br/s/Q6F8ac
Estatística - Cebraspe;Despesas de Exercícios Anteriores e Regime de Adiantamento;;https://drive.google.com/open?id=1koLBDLVHC44GLqOXnS6dKerJZitaFoiN&usp=drive_fs;https://www.tecconcursos.com.br/s/Q6F8ac
Direito Constitucional - Cebraspe;Despesas de Exercícios Anteriores e Regime de Adiantamento;;https://drive.google.com/open?id=1koLBDLVHC44GLqOXnS6dKerJZitaFoiN&usp=drive_fs;https://www.tecconcursos.com.br/s/Q6F8ac
Direito Constitucional - Cebraspe;Despesas de Exercícios Anteriores e Regime de Adiantamento;;https://drive.google.com/open?id=1koLBDLVHC44GLqOXnS6dKerJZitaFoiN&usp=drive_fs;https://www.tecconcursos.com.br/s/Q6F8ac
Direito Constitucional - Cebraspe;Despesas de Exercícios Anteriores e Regime de Adiantamento;;https://drive.google.com/open?id=1koLBDLVHC44GLqOXnS6dKerJZitaFoiN&usp=drive_fs;https://www.tecconcursos.com.br/s/Q6F8ac
Direito Constitucional - Cebraspe;Despesas de Exercícios Anteriores e Regime de Adiantamento;;https://drive.google.com/open?id=1koLBDLVHC44GLqOXnS6dKerJZitaFoiN&usp=drive_fs;https://www.tecconcursos.com.br/s/Q6F8ac
Português - Cebraspe;Despesas de Exercícios Anteriores e Regime de Adiantamento;https://drive.google.com/open?id=1koLBDLVHC44GLqOXnS6dKerJZitaFoiN&usp=drive_fs;;https://www.tecconcursos.com.br/s/Q6F8ac
Português - Cebraspe;Despesas de Exercícios Anteriores e Regime de Adiantamento;https://drive.google.com/open?id=1koLBDLVHC44GLqOXnS6dKerJZitaFoiN&usp=drive_fs;;https://www.tecconcursos.com.br/s/Q6F8ac
Português - Cebraspe;Despesas de Exercícios Anteriores e Regime de Adiantamento;https://drive.google.com/open?id=1koLBDLVHC44GLqOXnS6dKerJZitaFoiN&usp=drive_fs;;https://www.tecconcursos.com.br/s/Q6F8ac
Português - Cebraspe;Despesas de Exercícios Anteriores e Regime de Adiantamento;https://drive.google.com/open?id=1koLBDLVHC44GLqOXnS6dKerJZitaFoiN&usp=drive_fs;;https://www.tecconcursos.com.br/s/Q6F8ac
Legislação Tributária - Cebraspe;Despesas de Exercícios Anteriores e Regime de Adiantamento;https://drive.google.com/open?id=1koLBDLVHC44GLqOXnS6dKerJZitaFoiN&usp=drive_fs;;https://www.tecconcursos.com.br/s/Q6F8ac
Legislação Tributária - Cebraspe;Despesas de Exercícios Anteriores e Regime de Adiantamento;https://drive.google.com/open?id=1koLBDLVHC44GLqOXnS6dKerJZitaFoiN&usp=drive_fs;;https://www.tecconcursos.com.br/s/Q6F8ac
Legislação Tributária - Cebraspe;Despesas de Exercícios Anteriores e Regime de Adiantamento;https://drive.google.com/open?id=1koLBDLVHC44GLqOXnS6dKerJZitaFoiN&usp=drive_fs;;https://www.tecconcursos.com.br/s/Q6F8ac
Legislação Tributária - Cebraspe;Despesas de Exercícios Anteriores e Regime de Adiantamento;;https://drive.google.com/open?id=1koLBDLVHC44GLqOXnS6dKerJZitaFoiN&usp=drive_fs;https://www.tecconcursos.com.br/s/Q6F8ac
AFO - Cebraspe;Despesas de Exercícios Anteriores e Regime de Adiantamento;;https://drive.google.com/open?id=1koLBDLVHC44GLqOXnS6dKerJZitaFoiN&usp=drive_fs;https://www.tecconcursos.com.br/s/Q6F8ac
AFO - Cebraspe;Despesas de Exercícios Anteriores e Regime de Adiantamento;;https://drive.google.com/open?id=1koLBDLVHC44GLqOXnS6dKerJZitaFoiN&usp=drive_fs;https://www.tecconcursos.com.br/s/Q6F8ac
AFO - Cebraspe;Despesas de Exercícios Anteriores e Regime de Adiantamento;;https://drive.google.com/open?id=1koLBDLVHC44GLqOXnS6dKerJZitaFoiN&usp=drive_fs;https://www.tecconcursos.com.br/s/Q6F8ac
AFO - Cebraspe;Despesas de Exercícios Anteriores e Regime de Adiantamento;;https://drive.google.com/open?id=1koLBDLVHC44GLqOXnS6dKerJZitaFoiN&usp=drive_fs;https://www.tecconcursos.com.br/s/Q6F8ac
Direito Tributário - Cebraspe;Despesas de Exercícios Anteriores e Regime de Adiantamento;;https://drive.google.com/open?id=1koLBDLVHC44GLqOXnS6dKerJZitaFoiN&usp=drive_fs;https://www.tecconcursos.com.br/s/Q6F8ac
Direito Tributário - Cebraspe;Despesas de Exercícios Anteriores e Regime de Adiantamento;;https://drive.google.com/open?id=1koLBDLVHC44GLqOXnS6dKerJZitaFoiN&usp=drive_fs;https://www.tecconcursos.com.br/s/Q6F8ac
Direito Administrativo - Cebraspe;Despesas de Exercícios Anteriores e Regime de Adiantamento;https://drive.google.com/open?id=1koLBDLVHC44GLqOXnS6dKerJZitaFoiN&usp=drive_fs;https://drive.google.com/open?id=1koLBDLVHC44GLqOXnS6dKerJZitaFoiN&usp=drive_fs;
Direito Administrativo - Cebraspe;Despesas de Exercícios Anteriores e Regime de Adiantamento;https://drive.google.com/open?id=1koLBDLVHC44GLqOXnS6dKerJZitaFoiN&usp=drive_fs;https://drive.google.com/open?id=1koLBDLVHC44GLqOXnS6dKerJZitaFoiN&usp=drive_fs;
MF - Cebraspe;Despesas de Exercícios Anteriores e Regime de Adiantamento;https://drive.google.com/open?id=1koLBDLVHC44GLqOXnS6dKerJZitaFoiN&usp=drive_fs;https://drive.google.com/open?id=1koLBDLVHC44GLqOXnS6dKerJZitaFoiN&usp=drive_fs;
MF - Cebraspe;Despesas de Exercícios Anteriores e Regime de Adiantamento;https://drive.google.com/open?id=1koLBDLVHC44GLqOXnS6dKerJZitaFoiN&usp=drive_fs;https://drive.google.com/open?id=1koLBDLVHC44GLqOXnS6dKerJZitaFoiN&usp=drive_fs;
MF - Cebraspe;Despesas de Exercícios Anteriores e Regime de Adiantamento;https://drive.google.com/open?id=1koLBDLVHC44GLqOXnS6dKerJZitaFoiN&usp=drive_fs;https://drive.google.com/open?id=1koLBDLVHC44GLqOXnS6dKerJZitaFoiN&usp=drive_fs;
MF - Cebraspe;Despesas de Exercícios Anteriores e Regime de Adiantamento;https://drive.google.com/open?id=1koLBDLVHC44GLqOXnS6dKerJZitaFoiN&usp=drive_fs;https://drive.google.com/open?id=1koLBDLVHC44GLqOXnS6dKerJZitaFoiN&usp=drive_fs;
Estatística - Cebraspe;Despesas de Exercícios Anteriores e Regime de Adiantamento;https://drive.google.com/open?id=1koLBDLVHC44GLqOXnS6dKerJZitaFoiN&usp=drive_fs;https://drive.google.com/open?id=1koLBDLVHC44GLqOXnS6dKerJZitaFoiN&usp=drive_fs;https://www.tecconcursos.com.br/s/Q6F8ac
Estatística - Cebraspe;Despesas de Exercícios Anteriores e Regime de Adiantamento;https://drive.google.com/open?id=1koLBDLVHC44GLqOXnS6dKerJZitaFoiN&usp=drive_fs;https://drive.google.com/open?id=1koLBDLVHC44GLqOXnS6dKerJZitaFoiN&usp=drive_fs;https://www.tecconcursos.com.br/s/Q6F8ac
Estatística - Cebraspe;Despesas de Exercícios Anteriores e Regime de Adiantamento;https://drive.google.com/open?id=1koLBDLVHC44GLqOXnS6dKerJZitaFoiN&usp=drive_fs;https://drive.google.com/open?id=1koLBDLVHC44GLqOXnS6dKerJZitaFoiN&usp=drive_fs;https://www.tecconcursos.com.br/s/Q6F8ac
Estatística - Cebraspe;Despesas de Exercícios Anteriores e Regime de Adiantamento;;https://drive.google.com/open?id=1koLBDLVHC44GLqOXnS6dKerJZitaFoiN&usp=drive_fs;https://www.tecconcursos.com.br/s/Q6F8ac
Direito Constitucional - Cebraspe;Despesas de Exercícios Anteriores e Regime de Adiantamento;;https://drive.google.com/open?id=1koLBDLVHC44GLqOXnS6dKerJZitaFoiN&usp=drive_fs;https://www.tecconcursos.com.br/s/Q6F8ac
Direito Constitucional - Cebraspe;Despesas de Exercícios Anteriores e Regime de Adiantamento;;https://drive.google.com/open?id=1koLBDLVHC44GLqOXnS6dKerJZitaFoiN&usp=drive_fs;https://www.tecconcursos.com.br/s/Q6F8ac
Direito Constitucional - Cebraspe;Despesas de Exercícios Anteriores e Regime de Adiantamento;;https://drive.google.com/open?id=1koLBDLVHC44GLqOXnS6dKerJZitaFoiN&usp=drive_fs;https://www.tecconcursos.com.br/s/Q6F8ac
Direito Constitucional - Cebraspe;Despesas de Exercícios Anteriores e Regime de Adiantamento;;https://drive.google.com/open?id=1koLBDLVHC44GLqOXnS6dKerJZitaFoiN&usp=drive_fs;https://www.tecconcursos.com.br/s/Q6F8ac
Português - Cebraspe;Despesas de Exercícios Anteriores e Regime de Adiantamento;;https://drive.google.com/open?id=1koLBDLVHC44GLqOXnS6dKerJZitaFoiN&usp=drive_fs;https://www.tecconcursos.com.br/s/Q6F8ac
Português - Cebraspe;Despesas de Exercícios Anteriores e Regime de Adiantamento;;https://drive.google.com/open?id=1koLBDLVHC44GLqOXnS6dKerJZitaFoiN&usp=drive_fs;https://www.tecconcursos.com.br/s/Q6F8ac
Português - Cebraspe;Despesas de Exercícios Anteriores e Regime de Adiantamento;;https://drive.google.com/open?id=1koLBDLVHC44GLqOXnS6dKerJZitaFoiN&usp=drive_fs;https://www.tecconcursos.com.br/s/Q6F8ac
Português - Cebraspe;Despesas de Exercícios Anteriores e Regime de Adiantamento;;https://drive.google.com/open?id=1koLBDLVHC44GLqOXnS6dKerJZitaFoiN&usp=drive_fs;https://www.tecconcursos.com.br/s/Q6F8ac
Legislação Tributária - Cebraspe;Despesas de Exercícios Anteriores e Regime de Adiantamento;;https://drive.google.com/open?id=1koLBDLVHC44GLqOXnS6dKerJZitaFoiN&usp=drive_fs;https://www.tecconcursos.com.br/s/Q6F8ac
Legislação Tributária - Cebraspe;Despesas de Exercícios Anteriores e Regime de Adiantamento;;https://drive.google.com/open?id=1koLBDLVHC44GLqOXnS6dKerJZitaFoiN&usp=drive_fs;https://www.tecconcursos.com.br/s/Q6F8ac
Legislação Tributária - Cebraspe;Despesas de Exercícios Anteriores e Regime de Adiantamento;;https://drive.google.com/open?id=1koLBDLVHC44GLqOXnS6dKerJZitaFoiN&usp=drive_fs;https://www.tecconcursos.com.br/s/Q6F8ac
Legislação Tributária - Cebraspe;Despesas de Exercícios Anteriores e Regime de Adiantamento;;https://drive.google.com/open?id=1koLBDLVHC44GLqOXnS6dKerJZitaFoiN&usp=drive_fs;https://www.tecconcursos.com.br/s/Q6F8ac
